Style,Feature,Detail,Decor,Atmosphere
timeless,a stylish rug,floral arrangements,subtle lighting,cozy and warm
colorful,built-in storage,a tailored bedspread,sleek finishes,stylish and contemporary
bright,geometric designs,glass ornaments,futuristic elements,timeless and serene
neutral-toned,a gallery wall,a reading chair,vintage vibes,bright and energizing
farmhouse,a tiled floor,geometric patterns,natural materials,luxurious and elegant
tropical,a media center,antique furniture,elegant themes,serene and zen-like
industrial,artwork,artisan pieces,monochrome schemes,tranquil and serene
organic,a glass partition,silk drapes,modern touches,structured and sleek
minimalist,a statement chandelier,decorative trays,earthy shades,vivid and colorful
elegant,wooden beams,decorative bowls,mid-century themes,bright and cheerful
vivid,a feature mirror,layered rugs,handcrafted designs,artistic and vibrant
luxurious,a modern chair,aromatic candles,cozy accents,playful and youthful
mediterranean,floor-to-ceiling curtains,ceramic lamps,bold colors,inviting and cozy
harmonious,decorative molding,marble accents,bold artwork,subtle and understated
inviting,a pendant light,soft bedding,metallic highlights,industrial and sleek
futuristic,a vanity table,mirror accents,soft transitions,grounded and earthy
functional,a bay window,abstract art,glass features,natural and earthy
zen-inspired,exposed brick,metallic finishes,cultural influences,quiet and peaceful
airy,a floating shelf,textile prints,woven details,airy and uplifting
traditional,an indoor swing,velvet upholstery,industrial elements,modern and edgy
sophisticated,a barn door,cotton fabrics,organic aesthetics,spacious and light
cozy,vaulted ceilings,ceramic pieces,neutral tones,calm and relaxing
vintage,large windows,accent pillows,tropical greenery,harmonious and balanced
eclectic,sliding doors,sculptures,functional designs,balanced and calm
monochromatic,a console bench,a braided rug,refined lines,relaxed and casual
balanced,an accent wall,woven baskets,draped fabrics,bright and airy
refined,a balcony,brass fixtures,vintage tones,peaceful and serene
playful,a corner plant,a cozy nook,rustic finishes,cozy and charming
serene,a built-in bookcase,metal wall art,minimalist decor,airy and open
mid-century modern,hanging lights,a matching duvet,eclectic mixes,colorful and bright
neo-classical,a wall-mounted shelf,handmade decor,bohemian accents,serene and tranquil
scandinavian,a platform bed,wooden furniture,textile layers,bold and dynamic
artistic,a headboard with lighting,tufted furniture,geometric patterns,lush and green
avant-garde,a fireplace,warm throws,color-blocking styles,organic and natural
modern,a console table,custom cabinetry,coastal charm,elegant and muted
cultural,a floor lamp,soft curtains,classic features,fresh and light
contemporary,a reading nook,designer fabrics,art deco highlights,sophisticated and modern
coastal,a bold color wall,leather seating,bright accents,open and balanced
natural,a patterned wall,linen curtains,decorative plants,elegant and quiet
chic,an upholstered bench,patterned bedding,art-inspired pieces,soft and minimal
dynamic,a bed with storage,textured blankets,wooden elements,energetic and bright
sustainable,a skylight,woven chairs,chic vibes,refined and classic
charming,textured wallpaper,a decorative quilt,floral accents,neutral and grounded
baroque,a canopy bed,glass vases,minimal colors,bright and vibrant
bohemian,a vintage dresser,a hand-painted mural,soft pastels,bold and expressive
simple,a floating desk,woolen throws,contrasting hues,elegant and timeless
urban,open shelving,granite countertops,dynamic contrasts,warm and inviting
art deco,a feature wall,stone surfaces,luxurious details,dynamic and bold
rustic,a walk-in closet,wooden frames,artisanal textures,functional and cozy
classic,a seating area,plush cushions,sculptural decor,eclectic and artistic
